{"cameraMode":{"drawMode":0,"name":"Shaded","section":"Shading Mode"},"sceneLighting":false,"audioPlay":false,"sceneViewState":{"m_AlwaysRefresh":false,"showFog":true,"showSkybox":false,"showFlares":true,"showImageEffects":true,"showParticleSystems":true,"showVisualEffectGraphs":true,"m_FxEnabled":true},"in2DMode":false,"pivot":{"x":-0.1310826987028122,"y":0.09074731916189194,"z":0.2677640914916992},"rotation":{"x":-0.42068934440612795,"y":0.5609227418899536,"z":-0.39950689673423769,"w":-0.5906373262405396},"size":0.08209706842899323,"orthographic":false}