{"cameraMode":{"drawMode":0,"name":"Shaded","section":"Shading Mode"},"sceneLighting":false,"audioPlay":false,"sceneViewState":{"m_AlwaysRefresh":false,"showFog":true,"showSkybox":false,"showFlares":true,"showImageEffects":true,"showParticleSystems":true,"showVisualEffectGraphs":true,"m_FxEnabled":true},"in2DMode":false,"pivot":{"x":54.614097595214847,"y":25.649999618530275,"z":420.9266662597656},"rotation":{"x":0.001994593534618616,"y":0.9754636883735657,"z":0.008778105489909649,"w":-0.22017966210842133},"size":20.445728302001954,"orthographic":false}