{"cameraMode":{"drawMode":0,"name":"Shaded","section":"Shading Mode"},"sceneLighting":true,"audioPlay":false,"sceneViewState":{"m_AlwaysRefresh":false,"showFog":true,"showSkybox":true,"showFlares":true,"showImageEffects":true,"showParticleSystems":true,"showVisualEffectGraphs":true,"m_FxEnabled":true},"in2DMode":false,"pivot":{"x":381.6146545410156,"y":-37.9926643371582,"z":-191.70977783203126},"rotation":{"x":0.2984171509742737,"y":0.0006271844613365829,"z":-0.00008085790614131838,"w":0.9545490741729736},"size":84.37328338623047,"orthographic":false}