{"cameraMode":{"drawMode":0,"name":"Shaded","section":"Shading Mode"},"sceneLighting":true,"audioPlay":false,"sceneViewState":{"m_AlwaysRefresh":false,"showFog":true,"showSkybox":true,"showFlares":true,"showImageEffects":true,"showParticleSystems":true,"showVisualEffectGraphs":true,"m_FxEnabled":true},"in2DMode":false,"pivot":{"x":44.631771087646487,"y":6.935667037963867,"z":25.430374145507814},"rotation":{"x":0.35001587867736819,"y":-0.18405650556087495,"z":0.07017926126718521,"w":0.91590416431427},"size":170.26072692871095,"orthographic":false}