{"cameraMode":{"drawMode":0,"name":"Shaded","section":"Shading Mode"},"sceneLighting":false,"audioPlay":false,"sceneViewState":{"m_AlwaysRefresh":false,"showFog":true,"showSkybox":false,"showFlares":true,"showImageEffects":true,"showParticleSystems":true,"showVisualEffectGraphs":true,"m_FxEnabled":true},"in2DMode":false,"pivot":{"x":-0.18339790403842927,"y":0.012316766194999218,"z":0.7692736387252808},"rotation":{"x":-0.31017041206359866,"y":0.6424300670623779,"z":-0.3193945288658142,"w":-0.6238082647323608},"size":0.13116419315338136,"orthographic":false}