{"cameraMode":{"drawMode":0,"name":"Shaded","section":"Shading Mode"},"sceneLighting":false,"audioPlay":false,"sceneViewState":{"m_AlwaysRefresh":false,"showFog":true,"showSkybox":false,"showFlares":true,"showImageEffects":true,"showParticleSystems":true,"showVisualEffectGraphs":true,"m_FxEnabled":true},"in2DMode":false,"pivot":{"x":8.039484977722168,"y":-8.967371940612793,"z":1.9941208362579346},"rotation":{"x":0.11970171332359314,"y":0.013402174226939679,"z":-0.001615956542082131,"w":0.992720901966095},"size":171.89328002929688,"orthographic":false}